{"loss": [0.6356502771377563, 0.20270434021949768, 0.14832757413387299, 0.11483016610145569, 0.09765706956386566, 0.07844392210245132, 0.07269773632287979, 0.06491881608963013, 0.057519957423210144, 0.054732393473386765, 0.050214141607284546, 0.044168561697006226, 0.04049595445394516, 0.04042468219995499, 0.0369597002863884, 0.03522640839219093, 0.033587757498025894, 0.03457295149564743, 0.032749809324741364, 0.028582653030753136, 0.025509316474199295, 0.02539108134806156, 0.023430990055203438, 0.02138141728937626, 0.019519302994012833, 0.021274812519550323, 0.02070745825767517, 0.017860520631074905, 0.01617616042494774, 0.015484482049942017], "accuracy": [0.8467666506767273, 0.9378499984741211, 0.9523166418075562, 0.9632666707038879, 0.9681166410446167, 0.9744666814804077, 0.9763000011444092, 0.9789999723434448, 0.9817666411399841, 0.9815499782562256, 0.983299970626831, 0.9851666688919067, 0.9868000149726868, 0.986466646194458, 0.9883000254631042, 0.9880666732788086, 0.9888499975204468, 0.9885833263397217, 0.9893333315849304, 0.9908499717712402, 0.9917166829109192, 0.9912499785423279, 0.9919833540916443, 0.9928333163261414, 0.9935333132743835, 0.9926333427429199, 0.9931666851043701, 0.9940500259399414, 0.9945499897003174, 0.9947500228881836], "val_loss": [1.9248474836349487, 1.443068265914917, 1.8542283773422241, 2.056861400604248, 1.7554150819778442, 1.061254620552063, 1.6140847206115723, 1.0058947801589966, 0.4921625852584839, 0.5977624654769897, 4.4760541915893555, 0.9879662990570068, 1.1709328889846802, 0.999668538570404, 1.2799677848815918, 0.37369009852409363, 6.226607322692871, 0.6124622821807861, 0.868373453617096, 1.2665175199508667, 1.868212103843689, 0.46814391016960144, 0.35306844115257263, 0.743657112121582, 0.4109581410884857, 0.5235986113548279, 0.2918230891227722, 0.4665035605430603, 0.4814000129699707, 0.57578444480896], "val_accuracy": [0.34540000557899475, 0.5898000001907349, 0.5734999775886536, 0.5321999788284302, 0.6759999990463257, 0.7271000146865845, 0.722000002861023, 0.8436999917030334, 0.8883000016212463, 0.8464000225067139, 0.6301000118255615, 0.8680999875068665, 0.8065999746322632, 0.8442000150680542, 0.8434000015258789, 0.9395999908447266, 0.7519000172615051, 0.9171000123023987, 0.8720999956130981, 0.8378000259399414, 0.8235999941825867, 0.9258999824523926, 0.9376000165939331, 0.8964999914169312, 0.9282000064849854, 0.9164999723434448, 0.9506999850273132, 0.9218000173568726, 0.9061999917030334, 0.8810999989509583]}