{"loss": [1.0093350410461426, 0.7564756274223328, 0.6993634700775146, 0.5802431702613831, 0.4548918306827545, 0.4219309091567993, 0.3953486680984497, 0.34449324011802673, 0.3145981431007385, 0.28898125886917114, 0.2571011185646057, 0.25097715854644775, 0.2242269366979599, 0.19509723782539368, 0.17716605961322784, 0.17899255454540253, 0.16987186670303345, 0.16830356419086456, 0.14232571423053741, 0.14858433604240417, 0.13841605186462402, 0.1186380609869957, 0.11389733105897903, 0.12900522351264954, 0.1149190217256546, 0.1222814992070198, 0.10297154635190964, 0.117803193628788, 0.10607469826936722, 0.08443399518728256], "accuracy": [0.6654666662216187, 0.7459111213684082, 0.7641333341598511, 0.8083999752998352, 0.8445777893066406, 0.8554221987724304, 0.8668000102043152, 0.8797333240509033, 0.8895999789237976, 0.9006666541099548, 0.911644458770752, 0.9143111109733582, 0.9198222160339355, 0.9339110851287842, 0.937333345413208, 0.9380888938903809, 0.9408000111579895, 0.9421333074569702, 0.949999988079071, 0.948711097240448, 0.9512444734573364, 0.9585777521133423, 0.9603999853134155, 0.953511118888855, 0.9589777588844299, 0.9576888680458069, 0.9637333154678345, 0.9598222374916077, 0.9630222320556641, 0.97079998254776], "val_loss": [142.7790069580078, 74.30758666992188, 34.32063674926758, 26.976154327392578, 23.84935188293457, 16.982131958007812, 16.389020919799805, 5.1117048263549805, 13.882452964782715, 15.024869918823242, 6.080759525299072, 10.271453857421875, 3.343538999557495, 6.180568218231201, 3.423989772796631, 2.7164273262023926, 3.047846555709839, 3.1331613063812256, 3.130053758621216, 2.666221857070923, 3.4428060054779053, 3.967574119567871, 4.421645164489746, 3.5809483528137207, 3.8538854122161865, 2.2547788619995117, 2.813098907470703, 4.56442403793335, 3.437241554260254, 4.116307258605957], "val_accuracy": [0.09746666997671127, 0.10000000149011612, 0.10333333164453506, 0.09880000352859497, 0.09880000352859497, 0.11213333159685135, 0.09946666657924652, 0.113066665828228, 0.10973333567380905, 0.1103999987244606, 0.171466663479805, 0.09533333033323288, 0.20893333852291107, 0.1390666663646698, 0.2441333383321762, 0.3476000130176544, 0.27773332595825195, 0.32280001044273376, 0.3925333321094513, 0.37093332409858704, 0.323199987411499, 0.24213333427906036, 0.2858666777610779, 0.3521333336830139, 0.3338666558265686, 0.4538666605949402, 0.5016000270843506, 0.2484000027179718, 0.358266681432724, 0.2877333462238312]}