{"loss": [0.09171481430530548, 0.10239031910896301, 0.11055489629507065, 0.0802273154258728, 0.07976509630680084, 0.08835697919130325, 0.09845443069934845, 0.12516136467456818, 0.07392757385969162, 0.07157865911722183, 0.07419576495885849, 0.15733304619789124, 0.1240731030702591, 0.06511937081813812, 0.05183340981602669, 0.06017794460058212, 0.06462426483631134, 0.05926147475838661, 0.05625974014401436, 0.05481183901429176, 0.06086602807044983, 0.09563738107681274, 0.1590973138809204, 0.12830357253551483, 0.053751491010189056, 0.06736356019973755, 0.06263308972120285, 0.046653423458337784, 0.047209233045578, 0.05098804086446762], "accuracy": [0.968488872051239, 0.9636444449424744, 0.9626222252845764, 0.9720444679260254, 0.9720888733863831, 0.968666672706604, 0.9673333168029785, 0.958311140537262, 0.9736889004707336, 0.9745333194732666, 0.9740444421768188, 0.9470666646957397, 0.9565333127975464, 0.9772444367408752, 0.9820444583892822, 0.9795110821723938, 0.9776889085769653, 0.9792444705963135, 0.9806222319602966, 0.9803110957145691, 0.9783111214637756, 0.9660000205039978, 0.9479110836982727, 0.9551555514335632, 0.9810222387313843, 0.9753777980804443, 0.9784888625144958, 0.983822226524353, 0.9840444326400757, 0.9810666441917419], "val_loss": [1.8998069763183594, 4.078444480895996, 3.1209921836853027, 4.917702674865723, 5.063518047332764, 6.577662467956543, 2.9981067180633545, 6.760978698730469, 5.848143100738525, 6.08050012588501, 4.494318008422852, 5.167690753936768, 3.992719888687134, 7.138149261474609, 5.445877552032471, 2.4896321296691895, 5.076207160949707, 4.973211765289307, 4.972223281860352, 4.032269477844238, 3.4452106952667236, 5.97711706161499, 5.740792751312256, 2.831355094909668, 3.1990973949432373, 3.3513028621673584, 4.5701446533203125, 2.1788647174835205, 1.4348100423812866, 3.6337413787841797], "val_accuracy": [0.5645333528518677, 0.3022666573524475, 0.4490666687488556, 0.36320000886917114, 0.31040000915527344, 0.25573334097862244, 0.4145333468914032, 0.25866666436195374, 0.27106666564941406, 0.291866660118103, 0.36506667733192444, 0.27533334493637085, 0.384799987077713, 0.21279999613761902, 0.2969333231449127, 0.5712000131607056, 0.38960000872612, 0.31200000643730164, 0.34306666254997253, 0.4873333275318146, 0.4606666564941406, 0.3815999925136566, 0.41946667432785034, 0.5561333298683167, 0.5311999917030334, 0.4842666685581207, 0.3482666611671448, 0.6321333050727844, 0.711733341217041, 0.5415999889373779]}