{"loss": [0.08300554752349854, 0.08267322927713394, 0.08140923082828522, 0.08652237057685852, 0.09843544661998749, 0.07592932134866714, 0.07547248899936676, 0.06441690772771835, 0.06455755233764648, 0.06931149959564209, 0.06647470593452454, 0.05857376381754875, 0.0626363456249237, 0.07634836435317993, 0.14399448037147522, 0.07809685915708542, 0.10531844943761826, 0.05460181087255478, 0.06258613616228104, 0.04671610891819, 0.044052060693502426, 0.04169260710477829, 0.051316000521183014, 0.043922778218984604, 0.042058803141117096, 0.056435249745845795, 0.040532615035772324, 0.059265002608299255, 0.05268755555152893, 0.04711368307471275], "accuracy": [0.970977783203125, 0.9728444218635559, 0.971822202205658, 0.9704444408416748, 0.9659555554389954, 0.9733777642250061, 0.974133312702179, 0.9765333533287048, 0.9772444367408752, 0.9765333533287048, 0.9771555662155151, 0.9798222184181213, 0.978088915348053, 0.9737333059310913, 0.9527111053466797, 0.9732444286346436, 0.9647111296653748, 0.9819999933242798, 0.9785333275794983, 0.9840888977050781, 0.9847111105918884, 0.9854221940040588, 0.981688916683197, 0.9849333167076111, 0.9857333302497864, 0.9817777872085571, 0.9853333234786987, 0.9798222184181213, 0.9816444516181946, 0.9841777682304382], "val_loss": [3.031619071960449, 2.3102853298187256, 2.320427417755127, 2.2795259952545166, 1.5895659923553467, 2.0705225467681885, 3.6109728813171387, 3.445376396179199, 0.9432801604270935, 1.5839208364486694, 1.628747582435608, 1.7609684467315674, 2.312553882598877, 2.5045602321624756, 3.205561637878418, 3.301093578338623, 5.1482744216918945, 4.316685199737549, 2.6344122886657715, 3.1479530334472656, 1.2027572393417358, 4.659686088562012, 2.0467751026153564, 0.7199863791465759, 2.800482988357544, 3.428619861602783, 1.6732258796691895, 4.485817909240723, 3.578547477722168, 3.5285301208496094], "val_accuracy": [0.39959999918937683, 0.5108000040054321, 0.5666666626930237, 0.5971999764442444, 0.6164000034332275, 0.5357333421707153, 0.44413334131240845, 0.4305333197116852, 0.746399998664856, 0.6762666702270508, 0.6498666405677795, 0.6073333621025085, 0.49346667528152466, 0.5770666599273682, 0.4975999891757965, 0.5006666779518127, 0.273333340883255, 0.38440001010894775, 0.5413333177566528, 0.5415999889373779, 0.7501333355903625, 0.3930666744709015, 0.6509333252906799, 0.8201333284378052, 0.5723999738693237, 0.5461333394050598, 0.6313333511352539, 0.35173332691192627, 0.508400022983551, 0.4801333248615265]}