{"loss": [1.3752161264419556, 0.4377407133579254, 0.24082627892494202, 0.18872755765914917, 0.13359695672988892, 0.11169847846031189, 0.09554388374090195, 0.06693295389413834, 0.06800483912229538, 0.06311241537332535, 0.07049310207366943, 0.04673335328698158, 0.0391920804977417, 0.04172065481543541, 0.04970893636345863, 0.04971182718873024, 0.04935019463300705, 0.047457415610551834, 0.03255760297179222, 0.026625052094459534, 0.031949568539857864, 0.02631612867116928, 0.024647507816553116, 0.030415836721658707, 0.03499943017959595, 0.04566241428256035, 0.05536758527159691, 0.03967191278934479, 0.025687938556075096, 0.025982484221458435], "accuracy": [0.5868444442749023, 0.8672888875007629, 0.9328444600105286, 0.945555567741394, 0.9623110890388489, 0.9690666794776917, 0.9742666482925415, 0.9807555675506592, 0.9813777804374695, 0.9818221926689148, 0.9800000190734863, 0.9876000285148621, 0.989644467830658, 0.9885777831077576, 0.9855111241340637, 0.9844444394111633, 0.9856444597244263, 0.9867110848426819, 0.9911999702453613, 0.9923999905586243, 0.9910222291946411, 0.9930222034454346, 0.9931555390357971, 0.9916444420814514, 0.9907110929489136, 0.9876888990402222, 0.9843555688858032, 0.9889777898788452, 0.9927999973297119, 0.9929777979850769], "val_loss": [587.1499633789062, 342.9288330078125, 194.37420654296875, 156.2817840576172, 158.76898193359375, 128.75843811035156, 54.786190032958984, 42.9197883605957, 35.8486213684082, 14.854961395263672, 43.27631759643555, 13.415282249450684, 8.640522003173828, 14.181700706481934, 20.204065322875977, 8.948869705200195, 18.75811004638672, 1.0896451473236084, 0.5221052169799805, 3.4461052417755127, 3.3367416858673096, 0.8861796259880066, 0.9289183020591736, 0.5484991669654846, 2.3771843910217285, 1.7210755348205566, 1.5034441947937012, 10.325053215026855, 0.33594727516174316, 1.0203533172607422], "val_accuracy": [0.10493333637714386, 0.10493333637714386, 0.18413333594799042, 0.11986666917800903, 0.15586666762828827, 0.16040000319480896, 0.17946666479110718, 0.21960000693798065, 0.2853333353996277, 0.3161333203315735, 0.21773333847522736, 0.4244000017642975, 0.5127999782562256, 0.4156000018119812, 0.4305333197116852, 0.56413334608078, 0.35893332958221436, 0.8469333052635193, 0.9141333103179932, 0.6902666687965393, 0.725600004196167, 0.8829333186149597, 0.8798666596412659, 0.9266666769981384, 0.7656000256538391, 0.8429333567619324, 0.8489333391189575, 0.5192000269889832, 0.9454666376113892, 0.8721333146095276]}