{"loss": [0.8026236295700073, 0.304709255695343, 0.18618528544902802, 0.13509543240070343, 0.09132569283246994, 0.06404352933168411, 0.06187313795089722, 0.058120474219322205, 0.03790128976106644, 0.03300957381725311, 0.03196585923433304, 0.04105545952916145, 0.035915106534957886, 0.02576829493045807, 0.022744519636034966, 0.0451357327401638, 0.04266252741217613, 0.031717412173748016, 0.02136090025305748, 0.010763082653284073, 0.015636352822184563, 0.04222637414932251, 0.027632877230644226, 0.033826880156993866, 0.023934217169880867, 0.0179207231849432, 0.013319063000380993, 0.008747190237045288, 0.013827672228217125, 0.018118981271982193], "accuracy": [0.7541777491569519, 0.9169777631759644, 0.947866678237915, 0.9618222117424011, 0.974399983882904, 0.9813777804374695, 0.9809777736663818, 0.9834222197532654, 0.9894222021102905, 0.9908888936042786, 0.9920889139175415, 0.9882222414016724, 0.9897778034210205, 0.9927111268043518, 0.9929333329200745, 0.9876888990402222, 0.9872888922691345, 0.9916444420814514, 0.9947111010551453, 0.996844470500946, 0.9957777857780457, 0.989288866519928, 0.9919999837875366, 0.9914222359657288, 0.9933778047561646, 0.995555579662323, 0.9964444637298584, 0.997511088848114, 0.9955111145973206, 0.995555579662323], "val_loss": [20.667360305786133, 9.638751983642578, 9.707505226135254, 4.111388683319092, 2.6467339992523193, 4.660519599914551, 1.2559467554092407, 1.0032670497894287, 1.0648868083953857, 0.7565903663635254, 0.876452624797821, 1.2734445333480835, 0.5556954145431519, 0.3981305658817291, 0.35140782594680786, 1.0496037006378174, 0.30109089612960815, 0.33540967106819153, 0.2886447608470917, 0.27979981899261475, 0.2720872759819031, 0.3608255088329315, 0.34790289402008057, 0.28204506635665894, 0.6224765777587891, 0.18925394117832184, 0.2364373803138733, 0.15074220299720764, 0.21818147599697113, 0.2169376164674759], "val_accuracy": [0.2293333262205124, 0.22759999334812164, 0.3091999888420105, 0.49613332748413086, 0.505466639995575, 0.4593333303928375, 0.7360000014305115, 0.7737333178520203, 0.7842666506767273, 0.8013333082199097, 0.7858666777610779, 0.7271999716758728, 0.8701333403587341, 0.9197333455085754, 0.9247999787330627, 0.8206666707992554, 0.9438666701316833, 0.9441333413124084, 0.947866678237915, 0.9441333413124084, 0.9605333209037781, 0.933733344078064, 0.937333345413208, 0.9527999758720398, 0.9124000072479248, 0.9690666794776917, 0.9618666768074036, 0.9797333478927612, 0.9674666523933411, 0.9733333587646484]}