{"loss": [1.0512027740478516, 0.30530208349227905, 0.1983558088541031, 0.154602512717247, 0.10493577271699905, 0.08976585417985916, 0.07294709235429764, 0.05630679428577423, 0.037920031696558, 0.03271035850048065, 0.03698093071579933, 0.03777748718857765, 0.042099300771951675, 0.03793906420469284, 0.02602241188287735, 0.022753506898880005, 0.032174114137887955, 0.023010889068245888, 0.024619100615382195, 0.031817253679037094, 0.022847579792141914, 0.03269866481423378, 0.029218267649412155, 0.017223376780748367, 0.025361692532896996, 0.018482409417629242, 0.04268220067024231, 0.02322961948812008, 0.014714867807924747, 0.015141512267291546], "accuracy": [0.6982222199440002, 0.9151111245155334, 0.9455999732017517, 0.9584888815879822, 0.970977783203125, 0.9755555391311646, 0.9790666699409485, 0.9854221940040588, 0.9890666604042053, 0.9908444285392761, 0.9897333383560181, 0.9897333383560181, 0.9880444407463074, 0.9894222021102905, 0.9922666549682617, 0.9940444231033325, 0.9908888936042786, 0.9927555322647095, 0.9934222102165222, 0.9919111132621765, 0.9927555322647095, 0.9910222291946411, 0.9927999973297119, 0.9954222440719604, 0.9936444163322449, 0.9948444366455078, 0.9887111186981201, 0.9932000041007996, 0.9963555335998535, 0.9969333410263062], "val_loss": [20.86501693725586, 16.448274612426758, 21.833112716674805, 6.598487377166748, 10.837075233459473, 4.924842834472656, 3.7945449352264404, 5.016545295715332, 2.183389902114868, 5.022716999053955, 1.9504649639129639, 5.046687602996826, 2.018737316131592, 1.3635865449905396, 0.7380897402763367, 0.6078446507453918, 1.034855604171753, 1.732380986213684, 0.46717989444732666, 0.5192649960517883, 0.37554705142974854, 0.36078980565071106, 0.33720043301582336, 0.2893717586994171, 0.7180724740028381, 0.5879790186882019, 0.576126217842102, 0.4909477233886719, 0.28888756036758423, 0.33545559644699097], "val_accuracy": [0.23199999332427979, 0.20706667006015778, 0.16013333201408386, 0.38679999113082886, 0.30986666679382324, 0.4933333396911621, 0.5758666396141052, 0.526533305644989, 0.6866666674613953, 0.5142666697502136, 0.7139999866485596, 0.6060000061988831, 0.7614666819572449, 0.8173333406448364, 0.8893333077430725, 0.915066659450531, 0.8725333213806152, 0.8240000009536743, 0.9410666823387146, 0.9265333414077759, 0.9455999732017517, 0.9567999839782715, 0.9620000123977661, 0.9658666849136353, 0.9137333035469055, 0.9317333102226257, 0.9405333399772644, 0.9416000247001648, 0.9696000218391418, 0.9674666523933411]}