{"loss": [0.3294917047023773, 0.17019879817962646, 0.13025012612342834, 0.1079278364777565, 0.09345744550228119, 0.0840984359383583, 0.07128135859966278, 0.06669016182422638, 0.06098184362053871, 0.05391746759414673, 0.049124907702207565, 0.04485015571117401, 0.0436042957007885, 0.04086839035153389, 0.03363242745399475, 0.03358369693160057, 0.02930811606347561, 0.030146220698952675, 0.028324978426098824, 0.02636885829269886, 0.02794959396123886, 0.023666445165872574, 0.022118737921118736, 0.01960548385977745, 0.018736474215984344, 0.018417874351143837, 0.01763995923101902, 0.017201600596308708, 0.016673065721988678, 0.018697334453463554], "accuracy": [0.9012500047683716, 0.948116660118103, 0.9595166444778442, 0.9664666652679443, 0.970633327960968, 0.973800003528595, 0.9769166707992554, 0.9785500168800354, 0.9806666374206543, 0.9820833206176758, 0.9842166900634766, 0.9856500029563904, 0.9859499931335449, 0.9866166710853577, 0.9888666868209839, 0.9892833232879639, 0.9900166392326355, 0.9901999831199646, 0.9903166890144348, 0.991433322429657, 0.9910333156585693, 0.9922000169754028, 0.992900013923645, 0.9936000108718872, 0.9938833117485046, 0.9940833449363708, 0.9942666888237, 0.9942333102226257, 0.994183361530304, 0.9935666918754578], "val_loss": [2.310622453689575, 0.8767008781433105, 0.6320571303367615, 0.4405134320259094, 0.23005159199237823, 0.18793053925037384, 0.2669459283351898, 0.16127455234527588, 0.17511668801307678, 0.1425936222076416, 0.12665316462516785, 0.1821032166481018, 0.1842941790819168, 0.1696750521659851, 0.18330852687358856, 0.15286223590373993, 0.14843232929706573, 0.16373683512210846, 0.12095776200294495, 0.1567935049533844, 0.17168720066547394, 0.21252158284187317, 0.14244405925273895, 0.1389053910970688, 0.14887960255146027, 0.15084712207317352, 0.12266664952039719, 0.1675647795200348, 0.17435213923454285, 0.1651294231414795], "val_accuracy": [0.7080000042915344, 0.8600000143051147, 0.8896999955177307, 0.9117000102996826, 0.954200029373169, 0.9596999883651733, 0.9455000162124634, 0.9649999737739563, 0.9617999792098999, 0.9692000150680542, 0.9735000133514404, 0.9595000147819519, 0.9592000246047974, 0.9623000025749207, 0.9650999903678894, 0.968999981880188, 0.9696000218391418, 0.9681000113487244, 0.9757999777793884, 0.9710000157356262, 0.9650999903678894, 0.9598000049591064, 0.9739000201225281, 0.9745000004768372, 0.9722999930381775, 0.9726999998092651, 0.9768000245094299, 0.9711999893188477, 0.9696000218391418, 0.9682999849319458]}