{"loss": [0.32247012853622437, 0.1621844470500946, 0.11545238643884659, 0.09835553914308548, 0.07938338816165924, 0.06859952211380005, 0.060346879065036774, 0.055968448519706726, 0.049391970038414, 0.04473993554711342, 0.038321346044540405, 0.03902485594153404, 0.03351133316755295, 0.03326091915369034, 0.02510755881667137, 0.029665308073163033, 0.025105342268943787, 0.023354915902018547, 0.021849187090992928, 0.019138608127832413, 0.018137464299798012, 0.01910456269979477, 0.016807498410344124, 0.016629531979560852, 0.016950439661741257, 0.01715432107448578, 0.013492037542164326, 0.01342338789254427, 0.013850376941263676, 0.013944149017333984], "accuracy": [0.9019333124160767, 0.9509833455085754, 0.9646999835968018, 0.9691666960716248, 0.9744666814804077, 0.9782500267028809, 0.98089998960495, 0.9815499782562256, 0.9836999773979187, 0.9855833053588867, 0.9879500269889832, 0.9870666861534119, 0.9890000224113464, 0.9889166951179504, 0.9912833571434021, 0.9904166460037231, 0.9915833473205566, 0.9919833540916443, 0.9926000237464905, 0.9937833547592163, 0.9939000010490417, 0.9936500191688538, 0.9946833252906799, 0.994616687297821, 0.9940500259399414, 0.9943833351135254, 0.9953833222389221, 0.9955166578292847, 0.9951333403587341, 0.9950833320617676], "val_loss": [2.13322377204895, 1.0854705572128296, 0.5988447666168213, 0.4992862939834595, 0.19910378754138947, 0.30720287561416626, 0.24858999252319336, 0.19274960458278656, 0.16744370758533478, 0.20321035385131836, 0.15750543773174286, 0.13697271049022675, 0.13890983164310455, 0.1562952846288681, 0.20410078763961792, 0.15134164690971375, 0.13745296001434326, 0.19100666046142578, 0.11295463889837265, 0.16134363412857056, 0.1755230873823166, 0.155348002910614, 0.16848601400852203, 0.1516704559326172, 0.1272098571062088, 0.15703484416007996, 0.12145542353391647, 0.15729014575481415, 0.13354894518852234, 0.13728198409080505], "val_accuracy": [0.7078999876976013, 0.840399980545044, 0.890500009059906, 0.9154000282287598, 0.9596999883651733, 0.9337999820709229, 0.9519000053405762, 0.9624000191688538, 0.963699996471405, 0.9544000029563904, 0.9678999781608582, 0.9684000015258789, 0.9674999713897705, 0.9681000113487244, 0.9617000222206116, 0.9659000039100647, 0.9702000021934509, 0.9643999934196472, 0.9772999882698059, 0.97079998254776, 0.9664000272750854, 0.9704999923706055, 0.9700000286102295, 0.9696999788284302, 0.9757000207901001, 0.9686999917030334, 0.9757000207901001, 0.97079998254776, 0.9763000011444092, 0.9742000102996826]}