{"loss": [8.435247421264648, 4.882362365722656, 3.7478442192077637, 2.987729787826538, 2.6942524909973145, 2.2953007221221924, 2.035918712615967, 2.0345189571380615, 1.7174620628356934, 1.734915852546692, 1.5097723007202148, 1.4553745985031128, 1.476231336593628, 1.327846884727478, 1.2766001224517822, 1.2090280055999756, 1.2065423727035522, 1.1044944524765015, 1.039580225944519, 0.9606424570083618, 1.0103373527526855, 0.9524617791175842, 0.9386866092681885, 0.9131624102592468, 0.9178122878074646, 0.8426433801651001, 0.8313667178153992, 0.8181971907615662, 0.769493579864502, 0.770334005355835], "accuracy": [0.8383833169937134, 0.8871833086013794, 0.9087499976158142, 0.9177833199501038, 0.9250666499137878, 0.9314833283424377, 0.9359999895095825, 0.9397000074386597, 0.9447833299636841, 0.9447833299636841, 0.9505833387374878, 0.9518333077430725, 0.9521666765213013, 0.9554833173751831, 0.9574999809265137, 0.9592333436012268, 0.958549976348877, 0.9620333313941956, 0.9624999761581421, 0.9650833606719971, 0.9650166630744934, 0.9660999774932861, 0.9659500122070312, 0.9671666622161865, 0.9663666486740112, 0.9691166877746582, 0.9688833355903625, 0.9699000120162964, 0.970633327960968, 0.9712666869163513], "val_loss": [19.11651611328125, 43.5854377746582, 24.91053581237793, 7.217783451080322, 4.660627841949463, 5.299368858337402, 6.754411697387695, 2.2249743938446045, 2.3292198181152344, 3.858079671859741, 1.9364056587219238, 2.741595983505249, 3.909724712371826, 2.524883985519409, 1.9546263217926025, 4.156892776489258, 1.6148895025253296, 1.3962328433990479, 2.2369205951690674, 1.6911695003509521, 1.1984484195709229, 1.991597294807434, 1.886212944984436, 1.6523666381835938, 2.77744460105896, 2.434436559677124, 1.5667062997817993, 1.9204888343811035, 2.048326253890991, 1.7814075946807861], "val_accuracy": [0.5530999898910522, 0.39640000462532043, 0.5490999817848206, 0.8048999905586243, 0.8434000015258789, 0.853600025177002, 0.8241999745368958, 0.9290000200271606, 0.9164999723434448, 0.883899986743927, 0.9405999779701233, 0.917900025844574, 0.8950999975204468, 0.9291999936103821, 0.9391000270843506, 0.8682000041007996, 0.9509000182151794, 0.9510999917984009, 0.9316999912261963, 0.9463000297546387, 0.9617999792098999, 0.9359999895095825, 0.944599986076355, 0.9498999714851379, 0.9217000007629395, 0.9178000092506409, 0.9534000158309937, 0.9341999888420105, 0.9373000264167786, 0.9460999965667725]}