{"loss": [0.39334094524383545, 0.25062936544418335, 0.20790986716747284, 0.177860289812088, 0.1590709686279297, 0.14109188318252563, 0.13263879716396332, 0.1163901537656784, 0.11402302980422974, 0.10297943651676178, 0.09533144533634186, 0.08576030284166336, 0.0774819552898407, 0.0817006379365921, 0.07093282788991928, 0.07179393619298935, 0.06479436159133911, 0.057770758867263794, 0.05735042318701744, 0.056956078857183456, 0.055759381502866745, 0.050660889595746994, 0.04789476841688156, 0.04473819211125374, 0.04550536721944809, 0.04765179753303528, 0.03739374503493309, 0.037351127713918686, 0.03642311319708824, 0.03639870509505272], "accuracy": [0.8799833059310913, 0.9249666929244995, 0.9378666877746582, 0.9468666911125183, 0.95128333568573, 0.9567499756813049, 0.9603666663169861, 0.9636499881744385, 0.9650333523750305, 0.9686833620071411, 0.9705833196640015, 0.9732166528701782, 0.9760666489601135, 0.9748499989509583, 0.9783333539962769, 0.9779499769210815, 0.9789833426475525, 0.9820166826248169, 0.9815833568572998, 0.9815999865531921, 0.9828333258628845, 0.9841499924659729, 0.9847000241279602, 0.98580002784729, 0.9856333136558533, 0.9853666424751282, 0.9876499772071838, 0.98785001039505, 0.9880333542823792, 0.9886333346366882], "val_loss": [2.4152936935424805, 0.8996421098709106, 0.49956947565078735, 0.23507556319236755, 0.293070912361145, 0.2562185525894165, 0.22393186390399933, 0.19297923147678375, 0.23629184067249298, 0.24387690424919128, 0.18206386268138885, 0.19270938634872437, 0.25985845923423767, 0.20051854848861694, 0.2301608920097351, 0.18544818460941315, 0.16639728844165802, 0.19612213969230652, 0.28127583861351013, 0.27329787611961365, 0.3680463433265686, 0.3247720003128052, 0.2738442122936249, 0.20363302528858185, 0.2019883096218109, 0.2129724621772766, 0.27594974637031555, 0.2315780520439148, 0.28220489621162415, 0.17364494502544403], "val_accuracy": [0.6758999824523926, 0.8181999921798706, 0.878000020980835, 0.9318000078201294, 0.9279999732971191, 0.9391000270843506, 0.9370999932289124, 0.9465000033378601, 0.9383999705314636, 0.9417999982833862, 0.9559999704360962, 0.9427000284194946, 0.9390000104904175, 0.9488999843597412, 0.9438999891281128, 0.954200029373169, 0.95660001039505, 0.954800009727478, 0.9337999820709229, 0.9415000081062317, 0.9165999889373779, 0.9294000267982483, 0.9398999810218811, 0.9542999863624573, 0.9556999802589417, 0.9498999714851379, 0.9485999941825867, 0.9498000144958496, 0.9463000297546387, 0.9659000039100647]}