{"loss": [0.3939034938812256, 0.2265051156282425, 0.16851413249969482, 0.14156973361968994, 0.11599839478731155, 0.09862881898880005, 0.08398173004388809, 0.07467268407344818, 0.06916740536689758, 0.063087098300457, 0.05180554836988449, 0.052432943135499954, 0.04421444982290268, 0.04418983310461044, 0.03867136687040329, 0.03710915148258209, 0.032656241208314896, 0.033476971089839935, 0.03118785284459591, 0.0270770862698555, 0.026704657822847366, 0.024595020338892937, 0.02344471774995327, 0.022471336647868156, 0.020814787596464157, 0.018235433846712112, 0.019659265875816345, 0.0182950422167778, 0.017344847321510315, 0.015132776461541653], "accuracy": [0.8810666799545288, 0.9311166405677795, 0.9483500123023987, 0.9558166861534119, 0.9638500213623047, 0.9686166644096375, 0.9728000164031982, 0.9755833148956299, 0.977733314037323, 0.9797499775886536, 0.982866644859314, 0.9829333424568176, 0.9848666787147522, 0.9852499961853027, 0.9872166514396667, 0.9878833293914795, 0.9886833429336548, 0.9889833331108093, 0.9898166656494141, 0.9910833239555359, 0.9911666512489319, 0.9915333390235901, 0.9923833608627319, 0.9921000003814697, 0.992733359336853, 0.9935833215713501, 0.9931166768074036, 0.9935833215713501, 0.9941166639328003, 0.994949996471405], "val_loss": [1.34575617313385, 0.5062448978424072, 0.3916773498058319, 0.12936167418956757, 0.1808139830827713, 0.13307404518127441, 0.13949398696422577, 0.20581448078155518, 0.22007687389850616, 0.17428074777126312, 0.17116104066371918, 0.29899361729621887, 0.17064575850963593, 0.15146788954734802, 0.1359967291355133, 0.1362389326095581, 0.17954501509666443, 0.13545697927474976, 0.15683476626873016, 0.18004637956619263, 0.1972605437040329, 0.19037103652954102, 0.16308458149433136, 0.18204614520072937, 0.22081299126148224, 0.1875523328781128, 0.2072528600692749, 0.22839555144309998, 0.33208709955215454, 0.2254030704498291], "val_accuracy": [0.6845999956130981, 0.8424000144004822, 0.8913000226020813, 0.9599999785423279, 0.9435999989509583, 0.9596999883651733, 0.9623000025749207, 0.947700023651123, 0.9394000172615051, 0.9567000269889832, 0.9563999772071838, 0.9286999702453613, 0.9563999772071838, 0.9629999995231628, 0.9710000157356262, 0.9689000248908997, 0.9635999798774719, 0.9703999757766724, 0.9642000198364258, 0.9648000001907349, 0.9603000283241272, 0.9613000154495239, 0.9660000205039978, 0.9642000198364258, 0.9532999992370605, 0.9591000080108643, 0.958899974822998, 0.9567000269889832, 0.9333999752998352, 0.9598000049591064]}